<application>
  <component name="ExportableFileTemplateSettings">
    <internal_templates>
      <template name="Class.java" reformat="true" live-template-enabled="true" enabled="true" />
    </internal_templates>
    <default_templates>
      <template name="Spring component.java" reformat="true" live-template-enabled="true" />
      <template name="Spring Repo Mongo.java" reformat="true" live-template-enabled="true" />
      <template name="Spring Rest controller.java" reformat="true" live-template-enabled="true" />
      <template name="Spring service.java" reformat="true" live-template-enabled="true" />
      <template name="SpringBootApplication.java" reformat="true" live-template-enabled="true" />
    </default_templates>
  </component>
</application>